{
    "Oxts": 332737.0,
    "Bzcoo": 124360.73418821748,
    "Ulhpvkw": 54123.326932835895,
    "Iljnoau": 347915.0,
    "Qmnhaxv": 382825.0
}